"","prop.spp.Salinity.BF","prop.spp.HighMotility","prop.ind.most.tol","prop.spp.BCG3","diatom.pMMI"
"000CAT148_8/10/10_1",0.770496593457979,0.528817577750713,0.880863967737169,1,0.795044534736465
"102PS0139_8/9/10_1",0.77479822588158,0.528817577750713,0.710084830209774,1,0.753425158460517
"105DLCDCC_5/19/09_1",0.775295749614644,0.528817577750713,0.84670814023169,1,0.787705366899262
"105DLCDCC_6/23/09_1",0.769818901542614,0.385025862765701,0.767610434429527,1,0.73061379968446
