"","prop.spp.IndicatorClass_DOC_high","prop.spp.Trophic.I","prop.spp.ZHR","prop.spp.BCG3","hybri.pMMI"
"000CAT148_8/10/10_1",0.600060964423275,1,0.16392077838562,1,0.690995435702224
"102PS0139_8/9/10_1",0.576343139742513,0.582850564749724,0,1,0.539798426123059
"105DLCDCC_5/19/09_1",0.43606914805915,0.915908030320995,0,0.865600929987437,0.554394527091896
"105DLCDCC_6/23/09_1",0.52831454476397,0.601064644898152,0.276616313525734,1,0.601498875796964
